Row Labels,Count of church,Address,UpdatedChurchName,Latitude,Longitude,Flag
"173 Airbase Bd, Vietnam",1,,"173 Airbase Bd, Vietnam",14.058324,108.277199,
"19th Support Command, San Francisco",1,,"19th Support Command, San Francisco",37.7749295,-122.4194155,
"Advanced Studies, California",1,,"Advanced Studies, California",34.024551,-118.503352,
"American College, Louvain",1,"Naamsestraat 100, 3000 Leuven, Belgium","American College, Leuven Belgium",50.8729506,4.699715,
"American College, Louvain Belgium",1,"Naamsestraat 100, 3000 Leuven, Belgium","American College, Leuven Belgium",50.8729506,4.699715,
"Annunciation, Bellmawr",2,"601 W Browning Rd, Bellmawr, NJ 08031","Annunciation, Bellmawr",39.874284,-75.1045423,
"APO, NY",1,,"APO, NY",,,FLAG
"Archbishop Theodore McCarrick has been included on the list based on the findings of the Archdiocese of New York that allegations of abuse of a minor against then Father McCarrick were credible and substantiated.,",1,,"Archbishop Theodore McCarrick has been included on the list based on the findings of the Archdiocese of New York that allegations of abuse of a minor against then Father McCarrick were credible and substantiated.,",40.7575432,-73.9640057,FLAG
"Archdiocesan Director CYO,",1,,"Archdiocesan Director CYO,",29.4547012,-98.5468553,
Army Chaplain,1,,Army Chaplain,34.0183853,-80.9248262,
"Assumption, Atco",6,"318 Carl Hasselhan Dr, Atco, NJ 08004","Assumption, Atco",39.7692017,-74.8939668,
"Assumption, Emerson",3,"29 Jefferson Ave, Emerson, NJ 07630","Assumption, Emerson",40.9765685,-74.0251466,
"Assumption, Jersey City",1,,"Assumption, Jersey City",40.714125,-74.072174,FLAG -- not sure if it's the same as 'Assumption and All Saints'
"Assumption, Pomona",2,"146 S Pitney Rd, Galloway, NJ 08205","Assumption, Pomona, Galloway",39.474288,-74.488852,
"Assumption, Roselle Park",3,"113 Chiego Pl, Roselle Park, NJ 07204","Assumption, Roselle Park",40.6607149,-74.2745558,
"Assumption, Wildwood Crest",3,"7100 Seaview Ave, Wildwood Crest, NJ 08260","Assumption, Wildwood Crest",38.9708088,-74.8366302,
"Bishop Eustace Preparatory School, Cherry Hill",1,"5552 Marlton Pike W, Pennsauken Township, NJ 08109","Bishop Eustace Preparatory School, Pennsauken",39.930527,-75.064389,
"Bishop Eustace Queen of Apostles Field, NJ",1,"5553 Marlton Pike W, Pennsauken Township, NJ 08109","Bishop Eustace Preparatory School, Pennsauken",39.930527,-75.064389,
Blessed Sacrament,1,,Blessed Sacrament,37.6866366,-97.2918155,FLAG -- no specific location
"Blessed Sacrament, East Orange",1,,"Blessed Sacrament, East Orange",40.7430096,-74.1988189,FLAG -- not sure if it's the same as Our Lady of the Most Blessed Sacrament
"Blessed Sacrament, Elizabeth",1,"1096 North Ave, Elizabeth, NJ 07201","Blessed Sacrament, Elizabeth",40.6794019,-74.2031893,
"Blessed Sacrament, Margate",4,"11 N Kenyon Ave, Margate City, NJ 08402","Blessed Sacrament, Margate",39.3278928,-74.5038706,
"Blessed Sacrament/St. Charles Borromeo, Newark",1,"19 Van Ness Pl, Newark, NJ 07108","Blessed Sacrament/St. Charles Borromeo, Newark",40.7225441,-74.206128,
"Blessed Sacrement, Margate",1,"11 N Kenyon Ave, Margate City, NJ 08402","Blessed Sacrament, Margate",39.3278928,-74.5038706,
"Blessed Sacrement/St. Charles Borromeo, Newark",1,"19 Van Ness Pl, Newark, NJ 07108","Blessed Sacrament/St. Charles Borromeo, Newark",40.7225441,-74.206128,
"Blessed Teresa of Calcutta, Collingswood",1,"809 Park Ave, Collingswood, NJ 08108","Blessed Teresa of Calcutta, Collingswood",39.9132948,-75.0666834,
"Boystown, Kearny",1,"499 Belgrove Dr, Kearny, NJ 07032","Boystown, Kearny",40.768943,-74.152043,
"Camden Catholic High School, Camden",2,"300 Cuthbert Blvd, Cherry Hill, NJ 08002","Camden Catholic High School, Cherry Hill",39.938366,-75.0522947,
"Camden Catholic High School, Cherry Hill",8,"300 Cuthbert Blvd, Cherry Hill, NJ 08002","Camden Catholic High School, Cherry Hill",39.938366,-75.0522947,
"Camden Catholic High Scool, Cherry Hill",1,"300 Cuthbert Blvd, Cherry Hill, NJ 08002","Camden Catholic High School, Cherry Hill",39.938366,-75.0522947,
"Campus Minister Camden County College, Blackwood",1,"200 College Dr, Blackwood, NJ 08012-0200","Campus Minister Camden County College, Blackwood",39.7855491,-75.0407861,
"Campus Minister Gloucester County College, Sewell",1,"1400 Tanyard Road, Sewell, NJ 08080","Campus Minister Gloucester County College, Sewell",39.7798652,-75.1209712,
"Campus Minister Rutgers University, Camden",1,"303 Cooper St, Camden, NJ 08102","Campus Minister Rutgers University, Camden",39.9485245,-75.1219396,
Campus Minister Stockton/Atlantic County Community College,1,,Campus Minister Stockton/Atlantic County Community College,39.4919685,-74.5309775,FLAG -- college has three locations
"Carmelite Chapel Of St. Therese, Paramus",1,"680 Bergen Town Center G, Paramus, NJ 07652","Carmelite Chapel Of St. Therese, Paramus",40.9145321,-74.0568852,
"Cathedral Academy, Camden",1,,"Cathedral Academy, Camden",32.9245678,-80.0920477,
"Cathedral of St. Francis of Assisi, Metuchen",2,,"Cathedral of St. Francis of Assisi, Metuchen",40.5457651,-74.3628498,
"Catholic Community of the Holy Spirit, Mullica Hill",1,,"Catholic Community of the Holy Spirit, Mullica Hill",39.7407765,-75.2208432,
"Catholic Community Services, Newark",2,,"Catholic Community Services, Newark",40.7368546,-74.1695692,
Catholic University,2,,Catholic University,38.9368811,-76.998692,
"Center for Hope Hospice, Union",1,,"Center for Hope Hospice, Union",40.6220573,-74.3530197,
"Chaplain - Bergen Regional Medical Center, Paramus",2,,"Chaplain - Bergen Regional Medical Center, Paramus",40.957433,-74.062796,
Chaplain - Bridgeton/Millville Hospitals,1,,Chaplain - Bridgeton/Millville Hospitals,39.0838789,-94.5771759,
"Chaplain - Caldwell College, Caldwell",1,,"Chaplain - Caldwell College, Caldwell",40.772094,-74.183223,
"Chaplain - Clara Maas Hospital, Belleville",1,,"Chaplain - Clara Maas Hospital, Belleville",40.7856532,-74.1764485,
"Chaplain - Columbus Hospital, Newark One",1,,"Chaplain - Columbus Hospital, Newark One",40.7726244,-74.1866995,
"Chaplain - Essex County Prison, Newark",1,,"Chaplain - Essex County Prison, Newark",40.7212371,-74.1271667,
"Chaplain - Hudson Catholic Regional HS, Jersey City",1,,"Chaplain - Hudson Catholic Regional HS, Jersey City",40.7261568,-74.067417,
"Chaplain - Mountainside Hospital, Montclair",1,,"Chaplain - Mountainside Hospital, Montclair",40.8115749,-74.2038194,
Chaplain - Overlook Hospital,1,,Chaplain - Overlook Hospital,40.712461,-74.353624,
"Chaplain - St. Francis Community Center, Jersey City",1,,"Chaplain - St. Francis Community Center, Jersey City",39.6291137,-74.1928475,
"Chaplain - St. Francis Hospital, Jersey City",1,,"Chaplain - St. Francis Hospital, Jersey City",36.0718917,-95.919759,
"Chaplain - St. Mary Hospital, Hoboken",1,,"Chaplain - St. Mary Hospital, Hoboken",40.7413301,-74.0338274,
"Chaplain - St. Michael Medical Center, Newark",3,,"Chaplain - St. Michael Medical Center, Newark",40.74393,-74.174568,
Chaplain - USS South Dakota,1,,Chaplain - USS South Dakota,43.5433392,-96.7629417,
"Chaplain - Air National Guard Headquarters, Camden",1,,"Chaplain - Air National Guard Headquarters, Camden",39.9259463,-75.1196199,
"Chaplain - Air National Guard, Pomona",1,,"Chaplain - Air National Guard, Pomona",34.055103,-117.7499909,
"Chaplain - Atlantic City Medical Center, Atlantic City",1,,"Chaplain - Atlantic City Medical Center, Atlantic City",39.3583314,-74.4342891,
"Chaplain - Burdette Tomlin Hospital, Cape May",1,,"Chaplain - Burdette Tomlin Hospital, Cape May",38.9351125,-74.9060053,
"Chaplain - Camden County Jail, Camden",1,,"Chaplain - Camden County Jail, Camden",,,
"Chaplain Clara Maas Medical Center, Belleville",1,,"Chaplain Clara Maas Medical Center, Belleville",40.7856532,-74.1764485,
"Chaplain Cooper University Hospital, Camden",2,,"Chaplain Cooper University Hospital, Camden",,,
"Chaplain Gibbsboro Air Force Station, Gibbsboro",1,,"Chaplain Gibbsboro Air Force Station, Gibbsboro",39.8381698,-74.9648887,
"Chaplain Kessler Memorial Hospital, Hammonton",1,,"Chaplain Kessler Memorial Hospital, Hammonton",39.6321579,-74.7725657,
"Chaplain Newcomb Hospital, Vineland",1,,"Chaplain Newcomb Hospital, Vineland",39.4798256,-75.0131586,
"Chaplain Newman Club Rutgers, Camden",1,,"Chaplain Newman Club Rutgers, Camden",39.9485245,-75.1219396,
Chaplain Pomona Air Base,1,,Chaplain Pomona Air Base,34.055103,-117.7499909,
"Chaplain Prison Ministry, Camden",1,,"Chaplain Prison Ministry, Camden",39.9259463,-75.1196199,
"Chaplain Riverfront State Prison, Camden",1,,"Chaplain Riverfront State Prison, Camden",39.9523483,-75.1264836,
"Chaplain Shore Memory Hospital, Somers Point",1,,"Chaplain Shore Memory Hospital, Somers Point",39.3146442,-74.5939064,
"Chaplain St. Mary's Nursing Home and Manor, Cherry Hill",1,,"Chaplain St. Mary's Nursing Home and Manor, Cherry Hill",39.8853437,-74.9647148,
"Chaplain Underwood Memorial Hospital, Woodbury",2,,"Chaplain Underwood Memorial Hospital, Woodbury",39.8920496,-75.1722308,
"Chaplain Virtua Hospital, Berlin",1,,"Chaplain Virtua Hospital, Berlin",39.7813119,-74.9205478,
"Chaplain West Jersey Hospital, Camden",2,,"Chaplain West Jersey Hospital, Camden",39.9286174,-75.1079913,
"Chaplain West Jersey, Voorhees",1,,"Chaplain West Jersey, Voorhees",39.8519447,-74.961517,
"Christ the King, Haddonfield",3,,"Christ the King, Haddonfield",39.9018036,-75.0340896,
"Christ the King, Hillside",1,,"Christ the King, Hillside",40.6967498,-74.2371797,
"Christ the King, Jersey City",2,,"Christ the King, Jersey City",40.711966,-74.0747098,
"Corpus Chrisi, Carney's Point",1,,"Corpus Christi, Carneys Point",39.712169,-75.462292,
"Corpus Christi, Carney's Point",1,,"Corpus Christi, Carneys Point",39.712169,-75.462292,
"Corpus Christi, Carney's Point",1,,"Corpus Christi, Carneys Point",39.712169,-75.462292,
"Corpus Christi, Carneys Point",3,,"Corpus Christi, Carneys Point",39.712169,-75.462292,
"DeLaSalle HS, Concord",1,,"DeLaSalle HS, Concord",37.9341538,-122.0317447,
"Diocese of Burlington, Vermont",1,,"Diocese of Burlington, Vermont",44.451153,-73.199216,
"Diocese of Gallup, New Mexico",1,,"Diocese of Gallup, New Mexico",35.5265411,-108.7467661,
Diocese of Pittsburgh,1,,Diocese of Pittsburgh,40.4394538,-80.004324,
"Diocese of Santa Fe,",1,,"Diocese of Santa Fe,",35.1284229,-106.696709,
"Diocese of Trenton,",1,,"Diocese of Trenton,",40.255611,-74.742457,
"Director - Sacred Heart Residence,",1,,"Director - Sacred Heart Residence,",40.7846595,-73.9575996,
"Director - Vianney Villa,",1,,"Director - Vianney Villa,",33.4262955,-112.3455122,
"Divine World College, Washington DC",1,,"Divine World College, Washington DC",42.44287,-90.9354909,
"EMS, Newark",1,,"EMS, Newark",40.6911783,-74.1891316,
"Englewood Hospital, Englewood",1,,"Englewood Hospital, Englewood",40.903997,-73.968469,
"Epiphany, Cliffside Park",1,,"Epiphany, Cliffside Park",40.827815,-73.983509,
"Epiphany, Longport",3,,"Epiphany, Longport",39.3281859,-74.5046185,
"Epiphany, Venice Florida",1,,"Epiphany, Venice Florida",27.1012899,-82.4486624,
"F. P. O., San Francisco",1,,"F. P. O., San Francisco",37.6213129,-122.3789554,
"Fairleigh Dickinson University, Rutherford",1,,"Fairleigh Dickinson University, Rutherford",40.8327986,-74.0981996,
"Fayetteville, NY",1,,"Fayetteville, NY",43.0297887,-76.0043643,
"Fort Benning, Georgia",1,,"Fort Benning, Georgia",32.3912672,-84.8229074,
"Fort Dix, NJ",1,,"Fort Dix, NJ",40.0298354,-74.61849,
"Fort Hamilton, NY",1,,"Fort Hamilton, NY",40.6094454,-74.0285434,
"Fort Monmouth, NJ",1,,"Fort Monmouth, NJ",40.3136131,-74.0423697,
"Fort Rucker, Alabama",1,,"Fort Rucker, Alabama",31.3400515,-85.7153754,
"Gloucester Catholic High School, Gloucester",2,,"Gloucester Catholic High School, Gloucester",39.8963858,-75.1242633,
"Hackensack Hospital, Hackensack",1,,"Hackensack Hospital, Hackensack",40.8840597,-74.0559822,
"Holy Family, Nutley",2,,"Holy Family, Nutley",40.8100128,-74.160239,
"Holy Family, Turnersville",1,,"Holy Family, Turnersville",39.7616326,-75.0747575,
"Holy Family, Union City",2,,"Holy Family, Union City",40.774642,-74.0292659,
"Holy Maternity, Audubon",2,,"Holy Maternity, Audubon",39.8909466,-75.0729504,
"Holy Name Hospital, Teaneck",1,,"Holy Name Hospital, Teaneck",40.8829528,-74.010501,
"Holy Name of Jesus, East Orange",2,,"Holy Name of Jesus, East Orange",40.7818754,-74.2134008,
"Holy Name of Jesus, Mullica Hill",1,,"Holy Name of Jesus, Mullica Hill",39.7407765,-75.2208432,
"Holy Name, Camden",5,,"Holy Name, Camden",39.9521453,-75.1187141,
"Holy Rosary Academy, Union City",1,,"Holy Rosary Academy, Union City",40.7616019,-74.0366494,
"Holy Rosary, Ashland",1,,"Holy Rosary, Ashland",46.328264,-90.6603522,
"Holy Rosary, Cherry Hill",1,,"Holy Rosary, Cherry Hill",39.8919596,-75.011669,
"Holy Rosary, Edgewater",2,,"Holy Rosary, Edgewater",40.8254673,-73.9763454,
"Holy Rosary, Jersey City",1,,"Holy Rosary, Jersey City",40.7261305,-74.0495209,
"Holy Savior, Westmont",3,,"Holy Saviour, Westmont",39.9146993,-75.0515776,
"Holy Saviour, Westmont",3,,"Holy Saviour, Westmont",39.9146993,-75.0515776,
"Holy Spirit High School, Absecon",5,,"Holy Spirit High School, Absecon",39.416991,-74.5093346,
"Holy Spirit High School, Atlantic City",1,,"Holy Spirit High School, Atlantic City",39.416991,-74.5093346,
"Holy Spirit, Asbury Park",1,,"Holy Spirit, Asbury Park",40.22256,-74.0100524,
"Holy Spirit, Atlantic City",6,,"Holy Spirit, Atlantic City",39.416991,-74.5093346,
"Holy Spirit, Union",2,,"Holy Spirit, Union",40.6909675,-74.2528199,
"Holy Spirit/Our Lady Help of Christians, East Orange",3,,"Holy Spirit/Our Lady Help of Christians, East Orange",40.7645995,-74.2145851,
"Holy Trinity, Hackensack",2,,"Holy Trinity, Hackensack",40.8936431,-74.0408907,
"Holy Trinity, Westfield",6,,"Holy Trinity, Westfield",40.6473606,-74.3490157,
"Holy Trinity/Epiphany, Newark",1,,"Holy Trinity/Epiphany, Newark",40.725346,-74.161316,
"HQ 172 Inf Bde, Alaska",1,,"HQ 172 Inf Bde, Alaska",64.2008413,-149.4936733,172nd Infantry Brigade
"IHM/St. Patrick, Elizabeth",1,"215 Court Street, Elizabeth, NJ 07206","Immaculate Heart of Mary/St. Patrick, Elizabeth",40.6522701,-74.1863352,Immaculate Heart of Mary/St. Patrick Parish
"Immaculate Conception Cathedral, Bridgeton",1,"312 N Pearl St, Bridgeton, NJ 08302","Immaculate Conception Cathedral, Bridgeton",39.4377097,-75.2278924,
"Immaculate Conception Seminary, Mahwah",1,,"Immaculate Conception Seminary, Mahwah",41.0780104,-74.1838864,Appears to be a historic home? Multiple places
"Immaculate Conception Seminary, South Orange",1,"400 S Orange Ave, South Orange, NJ 07079","Immaculate Conception Seminary, South Orange",40.7416831,-74.2474155,
"Immaculate Conception, Bridgeton",3,"312 N Pearl St, Bridgeton, NJ 08302","Immaculate Conception, Bridgeton",39.4377097,-75.2278924,
"Immaculate Conception, Camden",9,"642 Market St, Camden, NJ 08102","Immaculate Conception, Camden",39.944882,-75.1185572,
"Immaculate Conception, Mahwah",1,"US-202, Mahwah, NJ 07430","Immaculate Conception, Mahwah",41.0780104,-74.1838864,Multiple by that name
"Immaculate Conception, Montclair",1,"30 N Fullerton Ave, Montclair, NJ 07042","Immaculate Conception, Montclair",40.8164718,-74.2166383,
"Immaculate Conception, Newark",2,"654 Summer Avenue, Newark, NJ 07104-3418","Immaculate Conception, Newark",40.7794088,-74.1626212,
"Immaculate Conception, Secaucus",3,"1219 Paterson Plank Rd, Secaucus, NJ 07094","Immaculate Conception, Secaucus",40.7884853,-74.0559867,
"Immaculate Conception, Spotswood",2,"18 South St, Spotswood, NJ 08884","Immaculate Conception, Spotswood",40.3890194,-74.394005,Multiple by that name
"Immaculate Hear of Mary, Woodlynne",1,"201 Cooper Ave, Oaklyn, NJ 08107","Immaculate Heart of Mary, Woodlynne",39.917267,-75.096101,
"Immaculate Heart of Mary, Woodlynne",3,"201 Cooper Ave, Oaklyn, NJ 08107","Immaculate Heart of Mary, Woodlynne",39.917267,-75.096101,
"Immaculate Heart of Mary/St. Patrick, Elizabeth",1,"215 Court St, Elizabeth, NJ 07206","Immaculate Heart of Mary/St. Patrick, Elizabeth",40.6522701,-74.1863352,
"Incarnation, Mantua",3,"240 Main St, Mantua Township, NJ 08051","Incarnation, Mantua",39.7877543,-75.171946,
"Jersey City Medical Center, Jersey City",1,"355 Grand St, Jersey City, NJ 07302","Jersey City Medical Center, Jersey City",40.7155874,-74.0507132,
"K of C, Caldwell",1,"27 Personette St, Caldwell, NJ 07006","K of C, Caldwell",35.505418,-82.965098,Multiple by that name
"LaSalle College, PA",1,"1900 W Olney Ave, Philadelphia, PA 19141","LaSalle College, PA",40.0947583,-75.1901069,
"Leave, Puerto Rico",1,,"Leave, Puerto Rico",18.220833,-66.590149,??
"Little Flower, Berkeley Heights",1,"110 Roosevelt Ave, Berkeley Heights, NJ 07922","Little Flower, Berkeley Heights",40.678595,-74.439579,
"Mary Mother of God, Hillsborough",1,"157 S Triangle Rd, Hillsborough Township, NJ 08844","Mary Mother of God, Hillsborough",40.5151177,-74.6499488,"Look up(Pisik, Timothy E.)"
"Mary,",1,,"Mary,",37.09024,-95.712891,"Look up(Pisik, Timothy E.)"
Military Chaplain,1,,Military Chaplain,38.896324,-77.14009,Not a church
Moderator Holy Child Day Camp,1,,Moderator Holy Child Day Camp,40.711023,-74.366855,Can't find
"Most Blessed Sacrament, Franklin Lakes",1,"787 Franklin Lake Rd, Franklin Lakes, NJ 07417","Most Blessed Sacrament, Franklin Lakes",40.9943407,-74.2116502,Could also be Academy of the most blessed sacrement
"Most Holy Name, Garfield",1,"99 Marsellus Pl, Garfield, NJ 07026","Most Holy Name, Garfield",40.8669202,-74.1042228,
"Most Holy Redeemer, Westville",4,"1219 Delsea Dr Westville, NJ 08093","Most Holy Redeemer, Westville",39.8431045,-75.1250423,Could be church or school
"Most Holy Redeemer, Westville Grove",4,"1219 Delsea Dr, Westville Grove, NJ 08093","Most Holy Redeemer, Westville Grove",39.8431045,-75.1250423,Unclear if same as above
"Mother of the Church, Bellmawr",1,"20 Braisington Ave Bellmawr, NJ 08031","Mother of the Church, Bellmawr",39.8668749,-75.0754419,
"Mother Seton Regional High School, Clark",1,"1 Valley Rd, Clark, NJ 07066","Mother Seton Regional High School, Clark",40.6257967,-74.3030476,
"Mount St. Andrew Villa, Paramus",1,"55 W Midland Ave, Paramus, NJ 07652","Mount St. Andrew Villa, Paramus",40.9445428,-74.0754189,
"Nativity, Midland Park",2,"315 Prospect St, Midland Park, NJ 07432","Nativity, Midland Park",41.0024281,-74.1386724,
"Naval Hospital, Long Island",1,,"No longer exists, can't find address so ???",,,
"Notre Dame, North Caldwell",1,"359 Central Ave, Caldwell, NJ 07006","Notre Dame, North Caldwell",40.8629139,-74.2696905,
"O. L. of Good Counsel, Ocean City",1,"3948 Central Ave, Ocean City, NJ 08226","Our Lady of Good Counsel, Ocean City",39.2437562,-74.617854,
"O. L. of Mt. Carmel, Berlin",1,"178 W White Horse Pike, Berlin, NJ 08009","Our Lady of Mt. Carmel, Berlin",39.8036121,-74.9497269,Both church and school
"O.L Star of the Sea, Cape May",1,"525 Washington, Cape May, NJ 08204","Our Lady Star of the Sea, Cape May",38.9333507,-74.9219079,
O.L. Lourdes Hospital Chaplain,1,"1601 Haddon Ave, Camden, NJ 08103",Our Lady Lourdes Hospital Chaplain,30.1506465,-92.036257,
"O.L. of Mt. Carmel, Berlin",5,"178 W White Horse Pike, Berlin, NJ 08009","Our Lady of Mt. Carmel, Berlin",39.8036121,-74.9497269,Both church and school
"O.L. of Mt. Carmel, Camden",4,"832 S 4th St, Camden, NJ 08103","Our Lady of Mt. Carmel, Camden",39.9354444,-75.1224183,
"O.L. of the Angels, Cape May Court House",2,"35 E Mechanic St, Cape May Court House, NJ 08210","Our Lady of the Angels, Cape May Court House",39.0803039,-74.8200374,
"O.L. of the Lakes, Collings Lakes",1,"19 Malaga Road, Collings Lakes, Williamstown, NJ 08094","Our Lady of the Lakes, Collings Lakes",39.592642,-74.884013,
"O.L. of Victories, Sayreville",1,"42 Main St, Sayreville, NJ 08872","Our Lady of Victories, Sayreville",40.4583161,-74.3603449,Also a school
"O.L. Star of the Sea, Atlantic City",3,"2651 Atlantic Ave, Atlantic City, NJ 08401","Our Lady Star of the Sea, Atlantic City",39.3561242,-74.4442976,
"O.L. Star of the Sea, Cape May",6,"525 Washington, Cape May, NJ 08204","Our Lady Star of the Sea, Cape May",38.9333507,-74.9219079,
"Oratory Prep, Summit",3,"425 Morris Ave, Summit, NJ 07901","Oratory Prep, Summit",40.7235417,-74.367826,
"Our Lady Help of Christians, East Orange",1,"23 N Clinton St, East Orange, NJ 07017","Our Lady Help of Christians, East Orange",40.765252,-74.2141066,
"Our Lady of All Souls, East Orange",2,"Fourth Avenue and N Grove St, East Orange, New Jersey 07017","Our Lady of All Souls, East Orange",40.7664897,-74.2007009,Appears to be a closed school and church
"Our Lady of Assumption, Bayonne",1,"93 W 23rd St, Bayonne, NJ 07002","Our Lady of the Assumption, Bayonne",40.6657195,-74.1211973,Closed
"Our Lady of Fatima, North Bergen",2,"8101 Kennedy Blvd., North Bergen, NJ 07047","Our Lady of Fatima, North Bergen",40.80519,-74.010882,
"Our Lady of Fatima, Piscataway",1,"501 New Market Rd, Piscataway Township, NJ 08854","Our Lady of Fatima, Piscataway",40.5785498,-74.4586228,
"Our Lady of Good Counsel, Newark",1,"654 Summer Avenue, Newark, NJ 07104-3418","Our Lady of Good Counsel, Newark",40.7744074,-74.1640915,
"Our Lady of Good Counsel, Ocean City",1,"3948 Central Ave, Ocean City, NJ 08226","Our Lady of Good Counsel, Ocean City",39.2437562,-74.617854,
"Our Lady of Grace, Somerdale",3,"35 North White Horse Pike, Somerdale, New Jersey 08083-1796","Our Lady of Grace, Somerdale",39.8459531,-75.0201249,Closed
"Our Lady Of Grace/St. Joseph, Hoboken",2,"400 Willow Avenue, Hoboken NJ 07030","Our Lady Of Grace/St. Joseph, Hoboken",40.7424452,-74.033591,Merged of two parishes
"Our Lady of Libera, West New York",1,"5808 Kennedy Blvd., West New York, NJ 07093","Our Lady of Libera, West New York",40.7905514,-74.0224128,
"Our Lady of Lourdes Nursing School, Camden",1,"1600 Haddon Avenue, Camden, NJ 08103","Our Lady of Lourdes Nursing School, Camden",39.9279279,-75.0947329,
"Our Lady of Lourdes, Glassboro",3,"500 Greentree Rd, Glassboro, NJ 08028","Our Lady of Lourdes, Glassboro",39.7185836,-75.1040788,
"Our Lady of Lourdes, Mountainside",2,"300 Central Avenue, Mountainside, NJ 07092","Our Lady of Lourdes, Mountainside",40.6806413,-74.3534982,
"Our Lady of Lourdes, West Orange",2,"1 Eagle Rock Ave., West Orange, NJ 07052","Our Lady of Lourdes, West Orange",40.7940806,-74.2331709,
"Our Lady of Lourdes, Whitehouse Station",1,"390 County Rd 523, Whitehouse Station, NJ 08889","Our Lady of Lourdes, Whitehouse Station",40.6101665,-74.77284,
"Our Lady of Mercy, Park Ridge",2,"2 Fremont Avenue, Park Ridge, NJ 07656","Our Lady of Mercy, Park Ridge",41.0312119,-74.0451593,
"Our Lady of Mount Virgin, Middlesex",2,"600 Harris Ave, Middlesex, NJ 08846","Our Lady of Mount Virgin, Middlesex",40.571464,-74.499618,Also a school
"Our Lady of Mt. Carmel, Berlin",1,"178 W White Horse Pike, Berlin, NJ 08009","Our Lady of Mt. Carmel, Berlin",39.8036121,-74.9497269,Both church and school
"Our Lady of Mt. Carmel, Camden",1,"832 S 4th St, Camden, NJ 08103","Our Lady of Mt. Carmel, Camden",39.9354444,-75.1224183,
"Our Lady of Mt. Carmel, Jersey City",4,"99 Broadway, Jersey City, NJ 07306","Our Lady of Mt. Carmel, Jersey City",40.7360564,-74.072854,
"Our Lady of Mt. Carmel, Lyndhurst",2,"149 Copeland Avenue, Lyndhurst, NJ 07071","Our Lady of Mt. Carmel, Lyndhurst",40.8086935,-74.13597,
"Our Lady of Mt. Carmel, Montclair",1,"94 Pine St, Montclair, NJ 07042","Our Lady of Mt. Carmel, Montclair",40.8113419,-74.2083865,
"Our Lady of Mt. Carmel, Newark",1,"259 Oliver St, Newark, NJ 07105","Our Lady of Mt. Carmel, Newark",40.7225693,-74.1617353,
"Our Lady of Mt. Carmel, Orange",1,"103 S Center St, City of Orange, NJ 07050","Our Lady of Mt. Carmel, Orange",40.768996,-74.230158,
"Our Lady of Mt. Carmel, Ridgewood",3,"One Passaic St., Ridgewood, NJ 07450","Our Lady of Mt. Carmel, Ridgewood",40.9784203,-74.1196374,
"Our Lady of Mt. Virgin, Garfield",1,"188 MacArthur Ave, Garfield, NJ 07026","Our Lady of Mt. Virgin, Garfield",40.873463,-74.0991099,
"Our Lady of Peace, Fords",1,"620 Amboy Ave, Edison, NJ 08837","Our Lady of Peace, Edison",40.5297131,-74.3169975,
"Our Lady of Peace, New Providence",1,"111 South St, New Providence, NJ 07974","Our Lady of Peace, New Providence",40.7020215,-74.4058155,Also a school
"Our Lady of Peace, North Arlington",1,"10 Franklin Pl., North Arlington, New Jersey 07031-6094","Our Lady of Peace, North Arlington",40.7873465,-74.1338421,"Does not appear to be a ""Our Lady of Peace,"" only a ""Queen of Peace"" church"
"Our Lady of Peace, North Brunswick",1,"1740 US Highway Rt. 130, North Brunswick, NJ 08902","Our Lady of Peace, North Brunswick",40.4417581,-74.4707353,
"Our Lady of Perpetual Help, Oakland",1,"25 Purdue Ave, Oakland, NJ 07436","Our Lady of Perpetual Help, Oakland",41.0289228,-74.2271187,
"Our Lady Of Sorrows, Jersey City",1,"95 Clerk St, Jersey City, NJ 07305","Our Lady Of Sorrows, Jersey City",40.7076538,-74.076926,
"Our Lady of Sorrows, Kearny",1,"136 Davis Ave, Kearny, NJ 07032","Our Lady of Sorrows, Kearny",40.7574223,-74.1474905,
"Our Lady Of Sorrows, S. Orange",1,"217 Prospect St, South Orange, NJ","Our Lady of Sorrows, South Orange",40.7414368,-74.2588757,Also a school
"Our Lady of Sorrows, South Orange",1,"217 Prospect St, South Orange, NJ","Our Lady of Sorrows, South Orange",40.7414368,-74.2588757,Also a school
"Our Lady of the Angels, Cape May",3,"35 E Mechanic St, Cape May Court House, NJ 08210","Our Lady of the Angels, Cape May",39.0803039,-74.8200374,
"Our Lady of the Assumption, Bayonne",1,"93 W 23rd St, Bayonne, NJ 07002","Our Lady of the Assumption, Bayonne",40.6657195,-74.1211973,Closed
"Our Lady of the Blessed Sacrament, Roseland",1,"28 Livingston Ave, Roseland, NJ 07068","Our Lady of the Blessed Sacrament, Roseland",40.8189639,-74.2972338,
"Our Lady of the Lake, Verona",1,"32 Lakeside Ave, Verona, NJ 07044","Our Lady of the Lake, Verona",40.8307667,-74.2464992,Also a school
"Our Lady of the Most Holy Rosary/St. Michael, Elizabeth",1,"52 Smith St, Elizabeth, NJ 07201","Our Lady of the Most Holy Rosary/St. Michael, Elizabeth",40.6612034,-74.2032103,
"Our Lady of the Most Holy Rosary/St.Michael, Elizabeth",1,"52 Smith St, Elizabeth, NJ 07201","Our Lady of the Most Holy Rosary/St. Michael, Elizabeth",40.6612034,-74.2032103,
"Our Lady of the Pillar, Half Moon Bay, CA",1,"400 Church St, Half Moon Bay, CA 94019","Our Lady of the Pillar, Half Moon Bay, CA",37.464576,-122.431427,
"Our Lady of the Rosary, Newark",1,"259 Oliver St., Newark, NJ 07105","Our Lady of the Rosary, Newark",40.7225693,-74.1617353,Closed
"Our Lady of the Visitation, Paramus",3,"234 N Farview Ave, Paramus, NJ 07652","Our Lady of the Visitation, Paramus",40.9345922,-74.0627747,Also a school
"Our Lady of Victories, Crestview FL",1,"550 Adams Dr, Crestview, FL 32536","Our Lady of Victories, Crestview FL",30.779519,-86.576858,
"Our Lady of Victories, Jersey City",1,"2217 John F. Kennedy Blvd, Jersey City, NJ 07304","Our Lady of Victories, Jersey City",40.7145312,-74.0829824,
"Our Lady of Victories, Landisville",3,"202 Northwest Blvd, Landisville, NJ 08326","Our Lady of Victories, Landisville",39.5250486,-74.9402858,
"Our Lady of Victories, Sayreville",1,"42 Main St, Sayreville, NJ 08872","Our Lady of Victories, Sayreville",40.4583161,-74.3603449,Also a school
"Our Lady Queen of Peace, Pitman",1,"161 Pitman Ave, Pitman, NJ 08071","Our Lady Queen of Peace, Pitman",39.7329018,-75.1250667,
"Our Lady Star of the Sea, Atlantic City",3,"2651 Atlantic Ave, Atlantic City, NJ 08401","Our Lady Star of the Sea, Atlantic City",39.3561242,-74.4442976,
"Our Lady Star of the Sea, Cape May",1,"525 Washington, Cape May, NJ 08204","Our Lady Star of the Sea, Cape May",38.9333507,-74.9219079,
"Out Lady of Mt. Carmel, Berlin",1,"178 W White Horse Pike, Berlin, NJ 08009","Out Lady of Mt. Carmel, Berlin",39.8036121,-74.9497269,Also a school
"Out Lady of Mt. Virgin, Garfield",1,"188 MacArthur Ave, Garfield, NJ 07026","Our Lady of Mt. Virgin, Garfield",40.873463,-74.0991099,
"Padre Pio Friary, Hoboken",1,"619 Jefferson St, Hoboken, NJ 07030","Padre Pio Friary, Hoboken",40.7455276,-74.0360024,Listed as business in a few places
"Paramus Catholic HS, Paramus",1,"425 Paramus Rd, Paramus, NJ 07652","Paramus Catholic HS, Paramus",40.9554257,-74.0954457,
"Paul VI High School, Haddon Township",4,"901 Hopkins Rd B, Haddonfield, NJ 08033","Paul VI High School, Haddon Township",39.8991171,-75.0604462,
"Pope John Paul II Pavilion, Orange",1,"135 S Center St, Orange, NJ 07050","Pope John Paul II Pavilion, Orange",40.768223,-74.23083,
"Post Chapel, Fort Jackson - South Carolina",1,"4580 Scales Ave, Columbia, South Carolina 29207","Post Chapel, Fort Jackson - South Carolina",34.0079664,-80.9473317,
"Post Chapel, Ft. Meade, MD",1,"4419 Llewellyn Ave, Fort Meade, MD 20755","Post Chapel, Ft. Meade, MD",39.0981169,-76.734063,
"Puerto Rican Apostolate,",1,,"Puerto Rican Apostolate,",,,NOT A CHURCH
"Queen of Apostles, Brigantine",1,,"Queen of Apostles, Brigantine",41.2586847,-95.8989176,"Cannot find anywhere, likely closed"
"Queen of Heaven, Cherry Hill",1,"11 Connecticut Ave, Cherry Hill, NJ 08002","Queen of Heaven, Cherry Hill",39.9159192,-75.0196974,"Both a school and church, now closed"
"Queen of Heaven, Erlton",1,"11 Connecticut Ave, Cherry Hill, NJ 08002","Queen of Heaven, Cherry Hill",39.9159192,-75.0196974,"Both a school and church, now closed"
"Queen of Peace, N. Arlington",1,"10 Franklin Pl., North Arlington, New Jersey 07031-6094","Queen of Peace, N. Arlington",40.7873465,-74.1338421,"Does not appear to be a ""Our Lady of Peace,"" only a ""Queen of Peace"" church"
"Queen of Peace, Pitman",1,"161 Pitman Ave, Pitman, NJ 08071","Queen of Peace, Pitman",39.7329018,-75.1250667,
"Queen of the Apostles, Pennsville",2,"391 S Broadway; Pennsville, New Jersey 08070","Queen of the Apostles, Pennsville",39.6346041,-75.5141581,Closed
"Queenship of Mary, Plainsboro",1,"16 Dey Rd, Plainsboro Township, NJ 08536","Queenship of Mary, Plainsboro",40.335016,-74.5884666,
"Ramapo College, Mahwah",1,"505 Ramapo Valley Rd, Mahwah, NJ 07430","Ramapo College, Mahwah",41.0819323,-74.1758157,Address is approx
"Religion Faculty of East Orange Catholic HS,",1,,"Religion Faculty of East Orange Catholic HS,",40.767323,-74.2048677,"Long since closed, no address found"
"Resurrection, Marmora",2,"200 Tuckahoe Rd, Marmora, NJ 08223","Resurrection, Marmora",39.2662035,-74.6557794,"Called ""Saint Maximilian Kolbe"" or Church of the Resurrection but prob the same"
"Roselle Catholic,",1,"350 Raritan Rd, Roselle, NJ 07203","Roselle Catholic, Roselle",40.6479269,-74.2652497,
"Roselle Catholic, Roselle",1,"350 Raritan Rd, Roselle, NJ 07203","Roselle Catholic, Roselle",40.6479269,-74.2652497,
"Sacred Heart Cathedral, Newark",1,"89 Ridge Street, Newark, NJ","Sacred Heart Cathedral, Newark",40.7549078,-74.1785079,
"Sacred Heart Church, Anniston Alabama",1,"1301 Golden Springs Rd, Anniston, AL 36207","Sacred Heart Church, Anniston Alabama",33.6309989,-85.7839097,
"Sacred Heart High School, Vineland",4,"15 N East Ave, Vineland, NJ 08360","Sacred Heart High School, Vineland",39.486451,-75.016002,Closed
"Sacred Heart Institute, West Caldwell",1,,"Sacred Heart Institute, West Caldwell",40.9051832,-73.470943,"No address found, likely closed"
"Sacred Heart Priest Residence,",1,"1730 Kresson Rd, Cherry Hill, NJ 08003","Sacred Heart Priest Residence,",39.8843841,-74.9653409,Appears to be a nursing home for priests
"Sacred Heart South, Cherry Hill",1,,"Sacred Heart South, Cherry Hill",39.8843841,-74.9653409,"Unclear. There are two locations -- the priest residence above and the Sacred Heart Residence North, which strangely is south of the other one"
"Sacred Heart, Bloomfield",1,"76 Broad St, Bloomfield, NJ 07003","Sacred Heart, Bloomfield",41.8335864,-72.7353714,Also used to be a school
"Sacred Heart, Camden",6,"1739 Ferry Ave, Camden, NJ 08104","Sacred Heart, Camden",39.9223445,-75.1203632,Also a school
"Sacred Heart, Haworth",1,"102 Park St, Haworth, NJ 07641","Sacred Heart, Haworth",40.9595517,-73.9918001,
"Sacred Heart, Lyndhurst",1,"324 Ridge Rd, Lyndhurst, NJ 07071","Sacred Heart, Lyndhurst",40.8077841,-74.1179857,Also a school
"Sacred Heart, Mt. Ephraim",2,"7 W. Kings Hwy., Mount Ephraim, NJ 08059","Sacred Heart, Mt. Ephraim",39.9223445,-75.1203632,Merged with St. Rose now
"Sacred Heart, New Brunswick",1,"56 Throop Ave, New Brunswick, NJ 08901","Sacred Heart, New Brunswick",40.4860339,-74.4418919,
"Sacred Heart, Newark",1,"89 Ridge Street, Newark, NJ","Sacred Heart Cathedral, Newark",40.7549078,-74.1785079,
"Sacred Heart, Rochelle Park",2,"15 Forest Pl, Rochelle Park, NJ 07662","Sacred Heart, Rochelle Park",40.9051908,-74.0779015,
"Sacred Heart, South Plainfield",1,"149 S Plainfield Ave, South Plainfield, New Jersey 07080","Sacred Heart, South Plainfield",40.5807089,-74.409051,Also a school
"Sacred Heart, Vailsburg",1,"24 Hazelwood Ave, Newark, New Jersey 07106","Sacred Heart, Vailsburg",40.7449474,-74.232881,Both closed church and school?
"Sacred Heart, Vineland",8,"1010 E Landis Ave, Vineland, New Jersey 08360","Sacred Heart, Vineland",39.4864381,-75.0159343,
"Saint Cecilia, Pennsauken",1,,"Saint Cecilia, Pennsauken",39.9574809,-75.0651409,Carla Start
"Saint Joseph, Swedesboro",1,,"Saint Joseph, Swedesboro",39.751272,-75.3099029,
"Saint Mary, Rosenhayn",1,,"Saint Mary, Rosenhayn",39.4855863,-75.133475,
"Saint Monica, Atlantic City",1,,"Saint Monica, Atlantic City",39.356094,-74.44429,
"Saint Peter, Pleasantville",1,,"Saint Peter, Pleasantville",39.3898388,-74.5262646,
"Saint Teresa of Calcutta, Collingswood",1,,"Saint Teresa of Calcutta, Collingswood",39.9132948,-75.0666834,
"Saint Teresa, Runnemede",1,,"Saint Teresa, Runnemede",39.8451571,-75.0700493,
"San Juan Puerto Rico,",1,,"San Juan Puerto Rico,",18.4655394,-66.1057355,
"Seton Hall Prep, South Orange",1,,"Seton Hall Prep, South Orange",40.7750471,-74.2478488,
"Seton Hall University, South Orange",1,,"Seton Hall University, South Orange",40.7425521,-74.2464941,
"Spiritual DIrector - CYO Hudson, Jersey City",1,,"Spiritual Director - CYO Hudson, Jersey City",40.7177545,-74.0431435,
"Ss. Joseph and Michael, Union City",1,,"Ss. Joseph and Michael, Union City",40.7620447,-74.0397433,
"Ss. Peter and Paul, Hoboken",2,,"Ss. Peter and Paul, Hoboken",40.741282,-74.0287923,
"St. Aedan's the St. Peter's University Church, Jersey City",1,,"St Aedan’s: The Saint Peter's University Church, Jersey City, NJ",40.7264499,-74.0668506,
"St. Agnes, Blackwood",6,,"St. Agnes, Blackwood",39.8127165,-75.0488654,
"St. Aloysius, Caldwell",2,,"St. Aloysius, Caldwell",40.8375843,-74.2723578,
"St. Aloysius, Jersey City",4,,"St. Aloysius, Jersey City",40.724476,-74.078932,
"St. Aloysius, Newark",2,,"St. Aloysius, Newark",40.7317057,-74.1448992,
"St. Aloysius, Oaklyn",5,,"St. Aloysius, Oaklyn",39.8984323,-75.062415,
"St. Alphonsus, Wexford PA",1,,"St. Alphonsus, Wexford PA",40.6276133,-80.0569413,
"St. Andre, Gibbsboro",1,,"St. Andre, Gibbsboro",39.8388086,-74.9578265,
"St. Andrew, Bayonne",1,,"St. Andrew, Bayonne",40.6498632,-74.1285717,
"St. Andrew, Gibbsboro",1,,"St. Andrew, Gibbsboro",39.8388086,-74.9578265,
"St. Andrew, Westwood",1,,"St. Andrew, Westwood",40.992987,-74.0378389,
"St. Ann-Polish, Jersey City",1,,"St. Ann Polish, Jersey City",40.7377913,-74.0654574,
"St. Ann, Elmer",1,,"St. Ann, Elmer",39.5951147,-75.1701819,
"St. Ann, Raritan",2,,"St. Ann, Raritan",40.5693939,-74.6351212,
"St. Ann, Westville",1,,"St. Ann, Westville",39.8714501,-75.1293967,
"St. Ann, Wildwood",5,,"St. Ann, Wildwood",38.9905865,-74.808511,
"St. Anne, Westville",4,,"St. Anne, Westville",39.8714501,-75.1293967,
"St. Anthony of Padua, Camden",1,,"St. Anthony of Padua, Camden",39.956426,-75.0919121,
"St. Anthony of Padua, Hammonton",2,,"St. Anthony of Padua, Hammonton",39.661525,-74.781981,
"St. Anthony of Padua, Newark",4,,"St. Anthony of Padua, Newark",40.7795784,-74.179272,
"St. Anthony of Padua, Union City",2,,"St. Anthony of Padua, Union City",40.7577947,-74.0415047,
"St. Anthony, Camden",1,,"St. Anthony, Camden",39.956426,-75.0919121,
"St. Anthony, East Newark",1,,"St. Anthony, East Newark",40.750583,-74.1591615,
"St. Anthony, Northvale",1,,"St. Anthony, Northvale",41.0050203,-73.9458111,
"St. Anthony, Waterford",3,,"St. Anthony, Waterford",39.722702,-74.849738,
"St. Antoninus, Newark",1,,"St. Antoninus, Newark",40.7402749,-74.1993281,
"St. Antonius, Newark",1,,"St. Antoninus, Newark",40.7402749,-74.1993281,
"St. Augustine, Ocean City",5,,"St. Augustine, Ocean City",39.2730249,-74.580658,
"St. Augustine, Union City",1,,"St. Augustine, Union City",40.7756329,-74.0246923,
"St. Bartholomew, Camden",3,,"St. Bartholomew, Camden",39.9315213,-75.1140027,
"St. Bartholomew, East Brunswick",1,,"St. Bartholomew, East Brunswick",40.4323249,-74.4222373,
"St. Bartholomew, Scotch Plains",1,,"St. Bartholomew, Scotch Plains",40.6522949,-74.3912831,
"St. Bernadette, Northfield",3,,"St. Bernadette, Northfield",39.3735395,-74.5568135,
"St. Bernard, Plainfield",1,,"St. Bernard, Plainfield",40.633124,-74.403835,
"St. Bridget Resurrection, Jersey City",1,,"St. Bridget Resurrection, Jersey City",40.7198907,-74.0516098,
"St. Bridget, Glassboro",3,,"St. Bridget, Glassboro",39.7024338,-75.1154351,
"St. Brigid, North Bergen",1,,"St. Brigid, North Bergen",40.7842504,-74.0320346,
"St. Casimir, Woodbine",2,,"St. Casimir, Woodbine",39.239761,-74.820094,
"St. Cassian, Upper Montclair",2,,"St. Cassian, Upper Montclair",40.8406919,-74.2049328,
"St. Catherine of Siena, Cedar Grove",2,,"St. Catherine of Siena, Cedar Grove",40.845563,-74.2273887,
"St. Catherine of Siena, Pittstown",1,,"St. Catherine of Siena, Pittstown",40.587338,-74.950562,
"St. Catherine, Clayton",2,,"St. Catherine, Clayton",39.6636081,-75.0937158,
"St. Catherine, Glen Rock",1,,"St. Catherine, Glen Rock",40.95699,-74.132762,
"St. Catherine, Hillside",1,,"St. Catherine, Hillside",40.6869087,-74.2154548,
"St. Cecelia, Iselin",1,,"St. Cecelia, Iselin",40.5746907,-74.3229123,
"St. Cecelia, Pennsauken",1,,"St. Cecelia, Pennsauken",39.9574809,-75.0651409,
"St. Cecilia School, Englewood",1,,"St. Cecilia School, Englewood",40.8997817,-73.9757715,
"St. Cecilia, Kearny",2,,"St. Cecilia, Kearny",40.7562722,-74.1542059,
"St. Cecilia, Monmouth Junction",1,,"St. Cecilia, Monmouth Junction",40.3871231,-74.5221831,
"St. Cecilia, Pennsauken",8,,"St. Cecilia, Pennsauken",39.9574809,-75.0651409,
"St. Charles Borromeo, Montgomery Twp.",1,,"St. Charles Borromeo, Montgomery Twp.",40.4215508,-74.678598,
"St. Charles Borromeo, Newark",2,,"St. Charles Borromeo, Newark",40.7225441,-74.206128,
"St. Charles Borromeo, Washington Twp.",1,,"St. Charles Borromeo, Washington Twp.",39.7414858,-75.0344954,
"St. Columba, Newark",1,,"St. Columba, Newark",40.7247044,-74.1806964,
"St. Edward, Milford",1,,"St. Edward, Milford",40.5703599,-75.0950372,
"St. Edward, Pine Hill",8,,"St. Edward, Pine Hill",39.7894803,-74.9907829,
"St. Elizabeth Ann Seton, Absecon",1,,"St. Elizabeth Ann Seton, Absecon",39.4315691,-74.5080709,
"St. Elizabeth Hospital, Elizabeth",2,,"St. Elizabeth Hospital, Elizabeth",38.5835576,-89.932223,
"St. Elizabeth-St. Brigid, Far Hills-Peapack",1,,"St. Elizabeth-St. Brigid, Far Hills-Peapack",40.6858449,-74.6397416,
"St. Elizabeth, Wyckoff",4,,"St. Elizabeth, Wyckoff",41.0149851,-74.1704833,
"St. Frances de Sales, Barrington",1,,"St. Frances de Sales, Barrington",39.867486,-75.056154,
"St. Francis Cabrini, Ocean City",1,,"St. Francis Cabrini, Ocean City",39.284452,-74.5633795,
"St. Francis de Sales, Barrington",4,,"St. Francis de Sales, Barrington",39.867486,-75.056154,
"St. Francis De Sales, Lodi",1,,"St. Francis De Sales, Lodi",40.8750765,-74.0803911,
"St. Francis DeSales Church, San Bernadino",1,,"St. Francis DeSales Church, San Bernadino",33.9757849,-117.3736284,
"St. Francis of Assisi, Ridgefield Park",1,,"St. Francis of Assisi, Ridgefield Park",40.8563436,-74.0223701,
"St. Francis of Assisi, Vineland",2,,"St. Francis of Assisi, Vineland",39.477841,-75.041982,
"St. Francis Xavier Church, Newark",1,,"St. Francis Xavier Church, Newark",40.7708211,-74.1826202,
"St. Francis Xavier, Newark",1,,"St. Francis Xavier, Newark",40.7707762,-74.1820239,
"St. Francis, Barrington",1,,"St. Francis, Barrington",39.867486,-75.056154,
"St. Francis, Metuchen",1,,"St. Francis, Metuchen",40.5457651,-74.3628498,
"St. Francis, Ridgefield Park",2,,"St. Francis, Ridgefield Park",40.8563436,-74.0223701,
"St. Francis, Vineland",1,,"St. Francis, Vineland",39.477841,-75.041982,
"St. George, Camden",1,,"St. George, Camden",-34.0546087,150.6951507,
"St. Gregory, Magnolia",5,,"St. Gregory, Magnolia",39.8552826,-75.029079,
"St. Helen, Westfield",1,,"St. Helen, Westfield",40.6274251,-74.3262071,
"St. Henry, Bayonne",3,,"St. Henry, Bayonne",40.6696551,-74.1176606,
"St. Isidore the Farmer, Vineland",1,,"St. Isidore the Farmer, Vineland",39.462472,-74.9966025,
"St. Isidore, Vineland",2,,"St. Isidore, Vineland",39.462472,-74.9966025,
"St. James High School, Carneys Point",6,,"St. James High School, Carneys Point",39.7103914,-75.4640846,
"St. James, Penns Grove",2,,"St. James, Penns Grove",39.712169,-75.462292,
"St. James, Sewickley PA",1,,"St. James, Sewickley PA",40.5378232,-80.1849583,
"St. James, Ventnor",7,,"St. James, Ventnor",39.3366772,-74.481804,
"St. James, Woodbridge",1,,"St. James, Woodbridge",40.5530208,-74.2827211,
"St. Joan of Arc, Camden",9,,"St. Joan of Arc, Camden",39.9043899,-75.101041,
"St. John Bosco, Millville",3,,"St. John Bosco, Millville",39.4027478,-75.0408351,
"St. John Nepomucene, Guttenberg",1,,"St. John Nepomucene, Guttenberg",40.7970623,-74.0124365,
"St. John Nepomucene, Gutttenberg",1,,"St. John Nepomucene, Guttenberg",40.7970623,-74.0124365,
"St. John Neumann, Sicklerville",1,,"St. John Neumann, Sicklerville",39.9514287,-74.8872027,
"St. John of God, North Cape May",1,,"St. John of God, North Cape May",38.9750306,-74.9301155,
"St. John the Apostle, Linden",2,,"St. John the Apostle, Linden",40.6307746,-74.2813402,
"St. John the Baptist, Fairview",1,,"St. John the Baptist, Fairview",40.8165271,-73.9950285,
"St. John the Baptist, Jersey City",2,,"St. John the Baptist, Jersey City",40.7363796,-74.0625116,
"St. John the Evangelist, Dunellen",1,,"St. John the Evangelist, Dunellen",40.5938206,-74.4657094,
"St. John the Evangelist, Enhaut",1,,"St. John the Evangelist, Enhaut",38.96062,-95.2380846,
"St. John Vianney, Blackwood Terrace",1,,"St. John Vianney, Blackwood Terrace",39.8052662,-75.0821488,
"St. John Vianney, Colonia",1,,"St. John Vianney, Colonia",40.5997848,-74.3210072,
"St. John Vianney, Deptford",1,,"St. John Vianney, Deptford",39.8052662,-75.0821488,
"St. John, Bergenfield",1,,"St. John, Bergenfield",40.9285489,-73.9953287,
"St. John, Collingswood",5,,"St. John, Collingswood",39.9132474,-75.0667145,
"St. John, Deptford",1,,"St. John, Deptford",51.4694855,-0.0232495,
"St. John, Paulsboro",4,,"St. John, Paulsboro",39.8365613,-75.2405017,
"St. John, South Carolina",1,,"St. John, South Carolina",32.7177248,-80.0646682,
"St. Joseph - South, Camden",1,,"St. Joseph - South, Camden",39.9308056,-75.1099327,
"St. Joseph High School, Hammonton",3,,"St. Joseph High School, Hammonton",39.636837,-74.7999001,
"St. Joseph of the Palisades, West New York",3,,"St. Joseph of the Palisades, West New York",40.7917373,-74.0114016,
"St. Joseph Pro-Cathedral, Camden",2,,"St. Joseph Pro-Cathedral, Camden",39.9472077,-75.0838105,
"St. Joseph the Carpenter, Roselle",1,,"St. Joseph the Carpenter, Roselle",40.657662,-74.2608346,
"St. Joseph, Bayonne",1,,"St. Joseph, Bayonne",40.6689392,-74.1173479,
"St. Joseph, Bound Brook",1,,"St. Joseph, Bound Brook",40.5641641,-74.5320398,
"St. Joseph, E. Camden",1,,"St. Joseph, E. Camden",39.9308056,-75.1099327,
"St. Joseph, E. Orange",1,,"St. Joseph, E. Orange",40.752048,-74.2276382,
"St. Joseph, East Camden",4,,"St. Joseph, East Camden",39.9472077,-75.0838105,
"St. Joseph, Jersey City",1,,"St. Joseph, Jersey City",40.730408,-74.057407,
"St. Joseph, Maplewood",1,,"St. Joseph, Maplewood",40.7196174,-74.2704931,
"St. Joseph, North Plainfield",1,,"St. Joseph, North Plainfield",40.6228394,-74.4276936,Blake started on this row
"St. Joseph, Sea Isle",2,,"St. Joseph, Sea Isle City",39.153973,-74.6928068,
"St. Joseph, Sea Isle City",1,,"St. Joseph, Sea Isle City",39.153973,-74.6928068,
"St. Joseph, Somers Point",5,,"St. Joseph, Somers Point",39.3165875,-74.5936099,There is a school and a church?
"St. Joseph, South Camden",3,,"St. Joseph's, South Camden",39.9308056,-75.1099327,
"St. Joseph, Swedesboro",5,,"St. Joseph, Swedesboro",39.751272,-75.3099029,
"St. Joseph, Washington",1,,"St. Joseph, Washington",47.2453078,-122.4475786,
"St. Joseph, West Orange",2,,"St. Joseph's, West Orange",40.7746655,-74.2634618,
"St. Joseph, Woodstown",6,,"St. Joseph's, Woodstown",39.653717,-75.32236,
"St. Joseph's Church, Hanover",1,,"St. Joseph, Hanover",39.7711196,-76.9877645,It's in PA
"St. Joseph's High School, Camden",1,,"St. Joseph's High School, Camden",39.9472077,-75.0838105,
"St. Jude, Blackwood",1,,"St. Jude, Blackwood",39.7949911,-75.0635166,
"St. Jude, Blairstown",1,,"St. Jude, Blairstown",40.9708805,-75.0327847,
"St. Lawrence, Laurel Springs",1,,"St. Lawrence, Laurel Springs",39.8208587,-74.9950344,Does not appear to exist anymore
"St. Lawrence, Lindenwold",6,,"St. Lawrence, Lindenwold",39.821019,-74.9946311,
"St. Lawrence, Weehawken",1,,"St. Lawrence, Weehawken",40.7589812,-74.0289836,
"St. Leo's, Irvington",1,,"St. Leo's, Irvington",40.7295801,-74.2263901,
"St. Lucy, Blue Anchor",1,,"St. Lucy, Blue Anchor",,,It (sort of) doesn't exist anymore
"St. Lucy, Newark",3,,"St. Lucy's, Newark",40.7508757,-74.1763703,
"St. Luke, Ho-Ho-Kus",1,,"St. Luke's, Ho-Ho-Kus",41.00748,-74.1164392,
"St. Luke, North Plainfield",2,,"St. Luke, North Plainfield",40.6112638,-74.4565933,
"St. Luke, Stratford",6,,"St. Luke's, Stratford",39.8294643,-75.0166189,
"St. Margaret of Corona, Little Ferry",1,,"St. Margaret of Cortona, Little Ferry",40.8463616,-74.0410743,
"St. Margaret of Cortona, Little Ferry",1,,"St. Margaret of Cortona, Little Ferry",40.8463616,-74.0410743,
"St. Margaret, Woodbury Heights",4,,"St. Margaret, Woodbury Heights",39.8142738,-75.1578082,It's a school and a church?
"St. Maria Goretti, Runnemede",4,,"St. Maria Goretti, Runnemede",39.8514924,-75.0799297,
"St. Martin de Porres, Hammonton",3,,"St. Martin de Porres, Hammonton",39.9957478,-75.1695989,Doesn't exist anymore
"St. Mary - Star of the Sea, Bayonne",1,,"St. Mary - Star of the Sea, Bayonne",40.6583206,-74.1257853,
St. Mary Hospital,1,Passaic?,St. Mary's General Hospital,40.8593168,-74.1375757,
"St. Mary Magdalen, Millville",4,,"St. Mary Magdalen, Millville",39.4027478,-75.0408351,It's a church and a school?
"St. Mary of the Angels Academy, Haddonfield",1,,"St. Mary of the Angels Academy, Haddonfield",39.8915022,-75.0376707,
"St. Mary of the Assumption, Elizabeth",2,,"St. Mary of the Assumption, Elizabeth",40.658071,-74.2158503,It's a church and a school?
"St. Mary, Cherry Hill",4,,"St. Mary, Cherry Hill",39.9077683,-74.9647959,
"St. Mary, Dumont",2,,"St. Mary's, Dumont",40.9439152,-73.9931495,
"St. Mary, Elizabeth",1,,"St. Mary, Elizabeth",40.658071,-74.2158503,It's a church and a school?
"St. Mary, Gloucester",9,,"St. Mary's, Gloucester",39.8965146,-75.1213989,
"St. Mary, Jersey City",4,,"St. Mary, Jersey City",40.7226247,-74.0439142,It's a church and a school?
"St. Mary, Nutley",1,,"St. Mary's, Nutley",40.8107229,-74.1475299,
"St. Mary, Paterson",1,,"St. Mary, Paterson",40.9208984,-74.18526,"There is also a St. Mary in the Paterson Parish, need to confirm which one this is"
"St. Mary, Perth Amboy",1,,"St. Mary, Perth Amboy",40.5109574,-74.2660263,May no longer exist
"St. Mary, Plainfield",1,,"St. Mary's, Plainfield",41.59947,-88.201696,
"St. Mary, Rosenhayn",1,,"St. Mary's, Rosenhayn",39.4855863,-75.133475,
"St. Mary, Rutherford",2,,"St. Mary, Rutherford",40.829516,-74.1045589,
"St. Mary, Salem, NJ",4,,"St. Mary's, Salem, NJ",39.5711112,-75.4713873,
"St. Mary, Williamstown",6,,"St. Mary, Williamstown",39.6787792,-74.9883009,There's also a school there called St. Mary's
"St. Mary's, Cherry Hill",1,,"St. Mary's, Cherry Hill",39.634062,-104.961009,
"St. Mary's, Shelby, NC",1,,"St. Mary Help of Christians, Shelby, NC",35.277992,-81.526896,
"St. Mary's Nursing Home, Cherry Hill",1,,"St. Mary's Nursing Home, Cherry Hill",39.884926,-74.965731,
"St. Matthew, Edison",1,,"St. Matthew the Apostle, Edison",40.5110827,-74.3990221,
"St. Matthew, National Park",3,,"St. Matthew's, National Park",39.8696823,-75.183229,
"St. Matthew, Ridgefield",2,,"St. Matthew, Ridgefield",40.8331176,-74.0074728,
"St. Matthias, Somerset",1,,"St. Matthias, Somerset",40.5001187,-74.5033655,
"St. Maurice, Brooklawn",3,,"St. Maurice, Brooklawn",39.8741168,-75.104524,
"St. Michael Church, Jersey City",1,,"St. Michael Church, Jersey City",40.728518,-74.044189,
"St. Michael Medical Center, Newark",1,,"St. Michael's Medical Center, Newark",40.74393,-74.174568,
"St. Michael, Atlantic City",4,,"St. Michael's, Atlantic City",39.35817,-74.440241,Doesn't appear to exist anymore
"St. Michael, Cedarville",7,,"St. Michael, Cedarville",39.331615,-75.19823,
"St. Michael, Cranford",1,,"St. Michael, Cranford",40.6574407,-74.3044421,
"St. Michael, Gibbstown",5,,"St. Michael, Gibbstown",39.821878,-75.285291,
"St. Michael, Jersey City",1,,"St. Michael, Jersey City",40.728518,-74.044189,
"St. Michael, Minotola",1,,"St. Michael, Minotola",39.5147218,-74.9519791,
"St. Michael, Union",1,,"St. Michael, Union",40.7008004,-74.2705138,
"St. Michael's, Palisades Park",1,,"St. Michael's, Palisades Park",40.8478538,-73.9962322,
"St. Monica, Atlantic City",1,,"St. Monica, Atlantic City",39.356094,-74.44429,
"St. Nicholas Grammar School, Atlantic City",1,,"St. Nicholas Grammar School, Atlantic City",39.360756,-74.427463,
"St. Nicholas of Tolentine, Atlantic City",1,,"St. Nicholas of Tolentine, Atlantic City",39.360756,-74.427463,
"St. Nicholas, Egg Harbor",3,,"St. Nicholas, Egg Harbor",39.5318779,-74.6366186,
"St. Nicholas, Jersey City",2,,"St. Nicholas, Jersey City",40.7419147,-74.0510465,It's a church and a school
"St. Patrick Pro-Cathedral, Newark",1,,"St. Patrick's Pro-Cathedral, Newark",40.7420973,-74.172314,
"St. Patrick, Elizabeth",1,,"St. Patrick's, Elizabeth",40.652734,-74.1868855,
"St. Patrick, Woodbury",6,,"St. Patrick's, Woodbury",39.8371235,-75.1501759,
"St. Paul of the Cross, Jersey City",2,,"St. Paul of the Cross, Jersey City",40.7479381,-74.0457004,
"St. Paul, Stone Harbor",3,,"St. Paul, Stone Harbor",39.0522231,-74.762164,
"St. Peter Celestine, Cherry Hill",4,,"St. Peter Celestine, Cherry Hill",39.9289497,-74.9961948,
"St. Peter Claver, Montclair",1,,"St. Peter Claver, Montclair",40.8060642,-74.2151465,
"St. Peter the Apostle, New Brunswick",1,,"St. Peter the Apostle, New Brunswick",40.497533,-74.4464615,
"St. Peter the Apostle, River Edge",2,,"St. Peter the Apostle, River Edge",40.9270502,-74.0452846,
"St. Peter, Merchantville",7,,"St. Peter, Merchantville",39.950492,-75.0529901,
"St. Peter, Pleasantville",4,,"St. Peter, Pleasantville",39.3898388,-74.5262646,
"St. Philip and St. James, Phillipsburg",3,,"St. Philip and St. James, Phillipsburg",40.6853624,-75.1911574,
"St. Philip the Apostle, Saddle Brook",1,,"St. Philip the Apostle, Saddle Brook",40.907841,-74.0911014,
"St. Philomena, Livingston",4,,"St. Philomena, Livingston",40.7809018,-74.317308,
"St. Pius X High School, Piscataway",1,,"St. Pius X High School, Piscataway",39.1727707,-94.5617172,
"St. Pius X, Cherry Hill",4,,"St. Pius X, Cherry Hill",39.8919596,-75.011669,
"St. Pius X, Old Tappan",1,,"St. Pius X, Old Tappan",41.0137815,-73.9889685,
"St. Raphael, Livingston",1,,"St. Raphael, Livingston",40.7952032,-74.2936707,
"St. Raymond, Villas",2,,"St. Raymond, Villas",39.0314531,-74.933749,
"St. Rocco Community Outreach Center, Newark",1,,"St. Rocco Community Outreach Center, Newark",40.7360783,-74.1992361,
"St. Rocco Parish, Newark",1,,"St. Rocco Parish, Newark",40.7360783,-74.1992361,Could include the school?
"St. Rocco School, Newark",1,,"St. Rocco School, Newark",40.740186,-74.2033728,
"St. Rose of Lima, Haddon Heights",4,,"St. Rose of Lima, Haddon Heights",39.8872054,-75.057673,Could also be a school?
"St. Rose of Lima, Newfield",1,,"St. Rose of Lima, Newfield",39.547876,-75.021529,
"St. Rose of Lima, Short Hills",4,,"St. Rose of Lima, Short Hills",40.7214778,-74.3182834,
"St. Rose, Haddon Heights",5,,"St. Rose of Lima, Haddon Heights",39.8872054,-75.057673,Could also be a school? / Same as above
"St. Rose, Newfield",4,,"St. Rose of Lima, Newfield",39.547876,-75.021529,
"St. Stanislaus Kostka, Sayreville",1,,"St. Stanislaus Kostka, Sayreville",40.4663834,-74.3642469,
"St. Stephen, Pennsauken",5,,"St. Stephen, Pennsauken",39.937675,-75.0659653,
"St. Teresa of Avila, Bridgeton",1,,"St. Teresa of Avila, Bridgeton",39.4292841,-75.2486335,
"St. Teresa of Avila, Summit",1,,"St. Teresa of Avila, Summit",40.7149744,-74.3626507,
"St. Teresa, Runnemede",3,,"St. Teresa, Runnemede",39.8451571,-75.0700493,Could also be a school?
"St. Theresa, Kenilworth",2,,"St. Theresa, Kenilworth",40.678037,-74.2902592,
"St. Theresa, Runnemede",1,,"St. Teresa, Runnemede",39.8451571,-75.0700493,Could also be a school? / same as above
"St. Thomas More, Cherry Hill",3,,"St. Thomas More, Cherry Hill",39.884608,-74.967588,
"St. Thomas the Apostle, Old Bridge",1,,"St. Thomas the Apostle, Old Bridge",40.4024743,-74.3546508,
"St. Thomas, Brigantine",5,,"St. Thomas, Brigantine",39.4040973,-74.367592,
"St. Thomas, Brigantine - weekends",1,,"St. Thomas, Brigantine",39.4040973,-74.367592,Same as above
"St. Valentine, Bloomfield",3,,"St. Valentine, Bloomfield",40.8099629,-74.1864258,
"St. Veronica, Delair",1,,"St. Veronica, Delair",39.9815013,-75.0515613,
"St. Vincent de Paul, Bayonne",2,,"St. Vincent de Paul, Bayonne",40.6821061,-74.1068722,
"St. Vincent de Paul, Mays Landing",2,,"St. Vincent de Paul, Mays Landing",39.4489289,-74.6808179,
"St. Vincent Pallotti, Haddon Township",1,,"St. Vincent Pallotti, Haddon Township",39.8984323,-75.062415,
"Stevens Institute of Technology, Hoboken",1,,"Stevens Institute of Technology, Hoboken",40.7448183,-74.0256482,
"Sts. Peter & Paul, Turnersville",1,,"Sts. Peter & Paul, Turnersville",39.743185,-75.0653126,
"Sts. Peter & Paul, Washington Township",1,,"Sts. Peter & Paul, Turnersville",39.743185,-75.0653126,same as above
"Sts. Peter and Paul, Turnersville",1,,"Sts. Peter & Paul, Turnersville",39.743185,-75.0653126,same as above
"Temporary Assignment Diocese of Trenton, Sea Bright",1,,"Trenton Diocese, Sea Bright",40.255611,-74.742457,
"Temporary Chaplain - Valley Hospital, Ridgewood",1,,"Valley Hospital, Ridgewood",40.9838774,-74.1005112,Same as below
"Transfiguration, West Collingswood",3,,"Transfiguration, West Collingswood",39.9123881,-75.084537,
"U.S. Naval Air Station, Norfolk",1,,"U.S. Naval Air Station, Norfolk",36.9479588,-76.3022772,
"Union Catholic Regional High School, Scotch Plains",1,,"Union Catholic Regional High School, Scotch Plains",40.6252509,-74.3579671,
US Army - Chaplain,1,,US Army - Chaplain,34.0183853,-80.9248262,
"US Army Chaplain School, Ft. Wadsworth",1,,"US Army Chaplain School, Ft. Wadsworth",40.6012117,-74.0579185,Flag
US Army,1,,US Army,36.7157934,-95.9326024,
"US Naval Reserve,",1,,"US Naval Reserve,",37.638405,-97.2734639,
"Valley Hospital, Ridgewood",1,,"Valley Hospital, Ridgewood",40.9838774,-74.1005112,
"Veteran's Administrative Hospital, Batavia",1,,"Veterans Administration Hospital, Batavia",43.0134556,-78.19765,
"Vianney Renewal Center, Dittmer, MO",1,,"Vianney Renewal Center, Dittmer, MO",38.3453611,-90.6914493,
"Vianney Villa, Cherry Hill",2,,"Vianney Villa, Cherry Hill",39.8800648,-74.9662203,
Villanova University,1,,Villanova University,40.037056,-75.34358,
"West Jersey Hospital - Chaplain, Camden",1,,"West Jersey Hospital, Camden",39.9286174,-75.1079913,